{
	"credit": "Made by Shulker",
	"textures": {
		"1": "block/brown_mushroom_bottom",
		"particle": "block/brown_mushroom_bottom",
		"cross": "block/brown_mushroom"
	},
	"elements": [
		{
			"from": [7.25, 0, 7.25],
			"to": [8.75, 4, 8.75],
			"rotation": {"angle": -22.5, "axis": "y", "origin": [8, 4.75, 8]},
			"faces": {
				"north": {"uv": [7, 12, 9, 16], "texture": "#cross"},
				"east": {"uv": [7, 12, 9, 16], "texture": "#cross"},
				"south": {"uv": [7, 12, 9, 16], "texture": "#cross"},
				"west": {"uv": [7, 12, 9, 16], "texture": "#cross"},
				"down": {"uv": [7, 14, 9, 16], "texture": "#cross"}
			}
		},
		{
			"from": [4.5, 4, 4.5],
			"to": [11.5, 6, 11.5],
			"rotation": {"angle": -22.5, "axis": "y", "origin": [8, 4.75, 8]},
			"faces": {
				"north": {"uv": [4, 10, 12, 12], "texture": "#cross"},
				"east": {"uv": [4, 10, 12, 12], "texture": "#cross"},
				"south": {"uv": [4, 10, 12, 12], "texture": "#cross"},
				"west": {"uv": [4, 10, 12, 12], "texture": "#cross"},
				"up": {"uv": [10, 9, 11, 10], "texture": "#cross"},
				"down": {"uv": [0, 0, 8, 8], "texture": "#1"}
			}
		},
		{
			"from": [5.5, 6, 5.5],
			"to": [10.5, 7, 10.5],
			"rotation": {"angle": -22.5, "axis": "y", "origin": [8, 4.75, 8]},
			"faces": {
				"north": {"uv": [5, 9, 11, 10], "texture": "#cross"},
				"east": {"uv": [5, 9, 11, 10], "texture": "#cross"},
				"south": {"uv": [5, 9, 11, 10], "texture": "#cross"},
				"west": {"uv": [5, 9, 11, 10], "texture": "#cross"},
				"up": {"uv": [9, 8, 10, 9], "texture": "#cross"}
			}
		},
		{
			"from": [6.5, 7, 6.5],
			"to": [9.5, 8, 9.5],
			"rotation": {"angle": -22.5, "axis": "y", "origin": [8, 4.75, 8]},
			"faces": {
				"north": {"uv": [6, 8, 10, 9], "texture": "#cross"},
				"east": {"uv": [6, 8, 10, 9], "texture": "#cross"},
				"south": {"uv": [6, 8, 10, 9], "texture": "#cross"},
				"west": {"uv": [6, 8, 10, 9], "texture": "#cross"},
				"up": {"uv": [6, 8, 10, 12], "texture": "#cross"}
			}
		}
	]
}