{
	"credit": "Made By Shulker",
	"ambientocclusion": false,
	"textures": {
		"1": "block/oxidized_copper_bars_end",
		"particle": "block/oxidized_copper_bars"
	},
	"elements": [
		{
			"from": [7, 15.999, 7],
			"to": [9, 16.149, 9],
			"faces": {
				"north": {"uv": [3, 0, 4, 1], "texture": "#1", "cullface": "up"},
				"east": {"uv": [3, 0, 4, 1], "texture": "#1", "cullface": "up"},
				"south": {"uv": [4, 0, 3, 1], "texture": "#1", "cullface": "up"},
				"west": {"uv": [3, 0, 4, 1], "texture": "#1", "cullface": "up"},
				"up": {"uv": [2, 0, 4, 2], "texture": "#1", "cullface": "up"}
			}
		}
	]
}