{
	"credit": "Made by Shulker",
	"textures": {
		"1": "block/red_mushroom_bottom",
		"particle": "block/red_mushroom_bottom",
		"cross": "block/red_mushroom"
	},
	"elements": [
		{
			"from": [7.25, 0, 7.25],
			"to": [8.75, 3, 8.75],
			"rotation": {"angle": -22.5, "axis": "y", "origin": [8, 4, 8]},
			"faces": {
				"north": {"uv": [7, 13, 9, 16], "texture": "#cross"},
				"east": {"uv": [7, 13, 9, 16], "texture": "#cross"},
				"south": {"uv": [7, 13, 9, 16], "texture": "#cross"},
				"west": {"uv": [7, 13, 9, 16], "texture": "#cross"},
				"down": {"uv": [7, 14, 9, 16], "texture": "#cross"}
			}
		},
		{
			"from": [4.5, 3, 4.5],
			"to": [11.5, 5, 11.5],
			"rotation": {"angle": -22.5, "axis": "y", "origin": [8, 4, 8]},
			"faces": {
				"north": {"uv": [4, 11, 12, 13], "texture": "#cross"},
				"east": {"uv": [4, 11, 12, 13], "texture": "#cross"},
				"south": {"uv": [4, 11, 12, 13], "texture": "#cross"},
				"west": {"uv": [4, 11, 12, 13], "texture": "#cross"},
				"up": {"uv": [10, 10, 11, 11], "texture": "#cross"},
				"down": {"uv": [0, 0, 8, 8], "texture": "#1"}
			}
		},
		{
			"from": [5.5, 5, 5.5],
			"to": [10.5, 6, 10.5],
			"rotation": {"angle": -22.5, "axis": "y", "origin": [8, 4, 8]},
			"faces": {
				"north": {"uv": [5, 10, 11, 11], "texture": "#cross"},
				"east": {"uv": [5, 10, 11, 11], "texture": "#cross"},
				"south": {"uv": [5, 10, 11, 11], "texture": "#cross"},
				"west": {"uv": [5, 10, 11, 11], "texture": "#cross"},
				"up": {"uv": [9, 9, 10, 10], "texture": "#cross"}
			}
		},
		{
			"from": [6.5, 6, 6.5],
			"to": [9.5, 7, 9.5],
			"rotation": {"angle": -22.5, "axis": "y", "origin": [8, 4, 8]},
			"faces": {
				"north": {"uv": [6, 9, 10, 10], "texture": "#cross"},
				"east": {"uv": [6, 9, 10, 10], "texture": "#cross"},
				"south": {"uv": [6, 9, 10, 10], "texture": "#cross"},
				"west": {"uv": [6, 9, 10, 10], "texture": "#cross"},
				"up": {"uv": [6, 9, 10, 13], "texture": "#cross"}
			}
		}
	]
}