{
	"credit": "Made with Blockbench",
	"textures": {
		"1": "block/iron_chain",
		"particle": "#particle"
	},
	"elements": [
		{
			"from": [3.50001, 10, 7.5],
			"to": [4.50001, 12, 8.5],
			"rotation": {"angle": 0, "axis": "y", "origin": [8, 13.5, 8]},
			"faces": {
				"north": {"uv": [3, 14, 4, 16], "texture": "#1"},
				"east": {"uv": [5, 14, 6, 16], "texture": "#1"},
				"south": {"uv": [3, 14, 4, 16], "texture": "#1"},
				"west": {"uv": [5, 14, 6, 16], "texture": "#1"},
				"up": {"uv": [3, 14, 4, 15], "texture": "#1"}
			}
		},
		{
			"from": [1.50001, 10, 7.5],
			"to": [2.50001, 12, 8.5],
			"rotation": {"angle": 0, "axis": "y", "origin": [8, 13.5, 8]},
			"faces": {
				"north": {"uv": [3, 14, 4, 16], "texture": "#1"},
				"east": {"uv": [5, 14, 6, 16], "texture": "#1"},
				"south": {"uv": [3, 14, 4, 16], "texture": "#1"},
				"west": {"uv": [5, 14, 6, 16], "texture": "#1"},
				"up": {"uv": [3, 14, 4, 15], "texture": "#1"}
			}
		},
		{
			"from": [2.50001, 11, 7.5],
			"to": [3.50001, 12, 8.5],
			"rotation": {"angle": 0, "axis": "y", "origin": [8, 13.5, 8]},
			"faces": {
				"up": {"uv": [2, 12, 1, 13], "texture": "#1"},
				"down": {"uv": [1, 12, 2, 13], "texture": "#1"}
			}
		},
		{
			"from": [13.49999, 10, 7.5],
			"to": [14.49999, 12, 8.5],
			"rotation": {"angle": 0, "axis": "y", "origin": [8, 13.5, 8]},
			"faces": {
				"north": {"uv": [3, 14, 4, 16], "texture": "#1"},
				"east": {"uv": [5, 14, 6, 16], "texture": "#1"},
				"south": {"uv": [3, 14, 4, 16], "texture": "#1"},
				"west": {"uv": [5, 14, 6, 16], "texture": "#1"},
				"up": {"uv": [3, 14, 4, 15], "texture": "#1"}
			}
		},
		{
			"from": [11.49999, 10, 7.5],
			"to": [12.49999, 12, 8.5],
			"rotation": {"angle": 0, "axis": "y", "origin": [8, 13.5, 8]},
			"faces": {
				"north": {"uv": [3, 14, 4, 16], "texture": "#1"},
				"east": {"uv": [5, 14, 6, 16], "texture": "#1"},
				"south": {"uv": [3, 14, 4, 16], "texture": "#1"},
				"west": {"uv": [5, 14, 6, 16], "texture": "#1"},
				"up": {"uv": [3, 14, 4, 15], "texture": "#1"}
			}
		},
		{
			"from": [12.49999, 11, 7.5],
			"to": [13.49999, 12, 8.5],
			"rotation": {"angle": 0, "axis": "y", "origin": [8, 13.5, 8]},
			"faces": {
				"up": {"uv": [2, 12, 1, 13], "texture": "#1"},
				"down": {"uv": [1, 12, 2, 13], "texture": "#1"}
			}
		},
		{
			"from": [2.5, 11, 8.5],
			"to": [3.5, 13, 9.5],
			"rotation": {"angle": 0, "axis": "y", "origin": [2, 11, 7]},
			"faces": {
				"north": {"uv": [0, 1, 1, 3], "texture": "#1"},
				"east": {"uv": [0, 1, 1, 3], "texture": "#1"},
				"south": {"uv": [0, 1, 1, 3], "texture": "#1"},
				"west": {"uv": [0, 1, 1, 3], "texture": "#1"},
				"up": {"uv": [0, 1, 1, 2], "texture": "#1"},
				"down": {"uv": [0, 2, 1, 3], "texture": "#1"}
			}
		},
		{
			"from": [2.5, 11, 6.5],
			"to": [3.5, 13, 7.5],
			"rotation": {"angle": 0, "axis": "y", "origin": [2, 11, 5]},
			"faces": {
				"north": {"uv": [0, 1, 1, 3], "texture": "#1"},
				"east": {"uv": [0, 1, 1, 3], "texture": "#1"},
				"south": {"uv": [0, 1, 1, 3], "texture": "#1"},
				"west": {"uv": [0, 1, 1, 3], "texture": "#1"},
				"up": {"uv": [0, 1, 1, 2], "texture": "#1"},
				"down": {"uv": [0, 2, 1, 3], "texture": "#1"}
			}
		},
		{
			"from": [3.5, 11, 6.5],
			"to": [4.5, 12, 7.5],
			"rotation": {"angle": 0, "axis": "y", "origin": [3, 11, 5]},
			"faces": {
				"north": {"uv": [0, 3, 1, 4], "texture": "#1"},
				"east": {"uv": [0, 3, 1, 4], "texture": "#1"},
				"west": {"uv": [0, 0, 1, 1], "texture": "#missing"},
				"up": {"uv": [0, 3, 1, 4], "texture": "#1"},
				"down": {"uv": [0, 3, 1, 4], "texture": "#1"}
			}
		},
		{
			"from": [3.5, 11, 8.5],
			"to": [4.5, 12, 9.5],
			"rotation": {"angle": 0, "axis": "y", "origin": [3, 11, 7]},
			"faces": {
				"east": {"uv": [1, 1, 2, 2], "texture": "#1"},
				"south": {"uv": [1, 1, 2, 2], "texture": "#1"},
				"west": {"uv": [0, 0, 1, 1], "texture": "#missing"},
				"up": {"uv": [1, 1, 2, 2], "texture": "#1"},
				"down": {"uv": [1, 1, 2, 2], "texture": "#1"}
			}
		},
		{
			"from": [3.5, 13, 6.5],
			"to": [4.5, 14, 7.5],
			"rotation": {"angle": 0, "axis": "y", "origin": [3, 13, 5]},
			"faces": {
				"north": {"uv": [0, 1, 1, 2], "texture": "#1"},
				"east": {"uv": [0, 1, 1, 2], "texture": "#1"},
				"south": {"uv": [0, 1, 1, 2], "texture": "#1"},
				"west": {"uv": [0, 1, 1, 2], "texture": "#1"},
				"up": {"uv": [0, 1, 1, 2], "texture": "#1"},
				"down": {"uv": [0, 1, 1, 2], "texture": "#1"}
			}
		},
		{
			"from": [3.5, 13, 8.5],
			"to": [4.5, 14, 9.5],
			"rotation": {"angle": 0, "axis": "y", "origin": [3, 13, 7]},
			"faces": {
				"north": {"uv": [1, 1, 2, 2], "texture": "#1"},
				"east": {"uv": [1, 1, 2, 2], "texture": "#1"},
				"south": {"uv": [1, 1, 2, 2], "texture": "#1"},
				"west": {"uv": [1, 1, 2, 2], "texture": "#1"},
				"up": {"uv": [1, 1, 2, 2], "texture": "#1"},
				"down": {"uv": [1, 1, 2, 2], "texture": "#1"}
			}
		},
		{
			"from": [4.5, 12, 8.5],
			"to": [5.5, 14, 9.5],
			"rotation": {"angle": 0, "axis": "y", "origin": [4, 12, 7]},
			"faces": {
				"north": {"uv": [2, 1, 3, 3], "texture": "#1"},
				"east": {"uv": [2, 1, 3, 3], "texture": "#1"},
				"south": {"uv": [2, 1, 3, 3], "texture": "#1"},
				"west": {"uv": [2, 1, 3, 3], "texture": "#1"},
				"up": {"uv": [2, 1, 3, 2], "texture": "#1"},
				"down": {"uv": [2, 2, 3, 3], "texture": "#1"}
			}
		},
		{
			"from": [4.5, 12, 6.5],
			"to": [5.5, 14, 7.5],
			"rotation": {"angle": 0, "axis": "y", "origin": [4, 12, 5]},
			"faces": {
				"north": {"uv": [2, 1, 3, 3], "texture": "#1"},
				"east": {"uv": [2, 1, 3, 3], "texture": "#1"},
				"south": {"uv": [2, 1, 3, 3], "texture": "#1"},
				"west": {"uv": [2, 1, 3, 3], "texture": "#1"},
				"up": {"uv": [2, 1, 3, 2], "texture": "#1"},
				"down": {"uv": [2, 2, 3, 3], "texture": "#1"}
			}
		},
		{
			"from": [4.5, 13, 7.5],
			"to": [5.5, 15, 8.5],
			"rotation": {"angle": 0, "axis": "y", "origin": [4, 13, 6]},
			"faces": {
				"north": {"uv": [0, 1, 1, 3], "texture": "#1"},
				"east": {"uv": [0, 1, 1, 3], "texture": "#1"},
				"south": {"uv": [0, 1, 1, 3], "texture": "#1"},
				"west": {"uv": [0, 1, 1, 3], "texture": "#1"},
				"up": {"uv": [0, 1, 1, 2], "texture": "#1"},
				"down": {"uv": [0, 2, 1, 3], "texture": "#1"}
			}
		},
		{
			"from": [5.5, 13, 7.5],
			"to": [6.5, 14, 8.5],
			"rotation": {"angle": 0, "axis": "y", "origin": [5, 13, 6]},
			"faces": {
				"north": {"uv": [1, 1, 2, 2], "texture": "#1"},
				"east": {"uv": [1, 1, 2, 2], "texture": "#1"},
				"south": {"uv": [1, 1, 2, 2], "texture": "#1"},
				"west": {"uv": [0, 0, 1, 1], "texture": "#missing"},
				"up": {"uv": [1, 1, 2, 2], "texture": "#1"},
				"down": {"uv": [1, 1, 2, 2], "texture": "#1"}
			}
		},
		{
			"from": [5.5, 15, 7.5],
			"to": [6.5, 16, 8.5],
			"rotation": {"angle": 0, "axis": "y", "origin": [5, 15, 6]},
			"faces": {
				"north": {"uv": [0, 1, 1, 2], "texture": "#1"},
				"east": {"uv": [0, 1, 1, 2], "texture": "#1"},
				"south": {"uv": [0, 1, 1, 2], "texture": "#1"},
				"west": {"uv": [0, 1, 1, 2], "texture": "#1"},
				"up": {"uv": [0, 1, 1, 2], "texture": "#1"},
				"down": {"uv": [0, 1, 1, 2], "texture": "#1"}
			}
		},
		{
			"from": [6.5, 14, 7.5],
			"to": [7.5, 16, 8.5],
			"rotation": {"angle": 0, "axis": "y", "origin": [6, 14, 6]},
			"faces": {
				"north": {"uv": [2, 1, 3, 3], "texture": "#1"},
				"east": {"uv": [2, 1, 3, 3], "texture": "#1"},
				"south": {"uv": [2, 1, 3, 3], "texture": "#1"},
				"west": {"uv": [2, 1, 3, 3], "texture": "#1"},
				"up": {"uv": [2, 1, 3, 2], "texture": "#1"},
				"down": {"uv": [2, 2, 3, 3], "texture": "#1"}
			}
		},
		{
			"from": [12.5, 11, 6.5],
			"to": [13.5, 13, 7.5],
			"rotation": {"angle": 0, "axis": "y", "origin": [11, 13.5, 8]},
			"faces": {
				"north": {"uv": [0, 1, 1, 3], "texture": "#1"},
				"east": {"uv": [0, 1, 1, 3], "texture": "#1"},
				"south": {"uv": [0, 1, 1, 3], "texture": "#1"},
				"west": {"uv": [0, 1, 1, 3], "texture": "#1"},
				"up": {"uv": [0, 1, 1, 2], "rotation": 180, "texture": "#1"},
				"down": {"uv": [0, 2, 1, 3], "rotation": 180, "texture": "#1"}
			}
		},
		{
			"from": [12.5, 11, 8.5],
			"to": [13.5, 13, 9.5],
			"rotation": {"angle": 0, "axis": "y", "origin": [11, 13.5, 8]},
			"faces": {
				"north": {"uv": [0, 1, 1, 3], "texture": "#1"},
				"east": {"uv": [0, 1, 1, 3], "texture": "#1"},
				"south": {"uv": [0, 1, 1, 3], "texture": "#1"},
				"west": {"uv": [0, 1, 1, 3], "texture": "#1"},
				"up": {"uv": [0, 1, 1, 2], "rotation": 180, "texture": "#1"},
				"down": {"uv": [0, 2, 1, 3], "rotation": 180, "texture": "#1"}
			}
		},
		{
			"from": [11.5, 11, 8.5],
			"to": [12.5, 12, 9.5],
			"rotation": {"angle": 0, "axis": "y", "origin": [11, 13.5, 8]},
			"faces": {
				"east": {"uv": [0, 0, 1, 1], "texture": "#missing"},
				"south": {"uv": [0, 3, 1, 4], "texture": "#1"},
				"west": {"uv": [0, 3, 1, 4], "texture": "#1"},
				"up": {"uv": [0, 3, 1, 4], "rotation": 180, "texture": "#1"},
				"down": {"uv": [0, 3, 1, 4], "rotation": 180, "texture": "#1"}
			}
		},
		{
			"from": [11.5, 11, 6.5],
			"to": [12.5, 12, 7.5],
			"rotation": {"angle": 0, "axis": "y", "origin": [11, 13.5, 8]},
			"faces": {
				"north": {"uv": [1, 1, 2, 2], "texture": "#1"},
				"east": {"uv": [0, 0, 1, 1], "texture": "#missing"},
				"west": {"uv": [1, 1, 2, 2], "texture": "#1"},
				"up": {"uv": [1, 1, 2, 2], "rotation": 180, "texture": "#1"},
				"down": {"uv": [1, 1, 2, 2], "rotation": 180, "texture": "#1"}
			}
		},
		{
			"from": [11.5, 13, 8.5],
			"to": [12.5, 14, 9.5],
			"rotation": {"angle": 0, "axis": "y", "origin": [11, 13.5, 8]},
			"faces": {
				"north": {"uv": [0, 1, 1, 2], "texture": "#1"},
				"east": {"uv": [0, 1, 1, 2], "texture": "#1"},
				"south": {"uv": [0, 1, 1, 2], "texture": "#1"},
				"west": {"uv": [0, 1, 1, 2], "texture": "#1"},
				"up": {"uv": [0, 1, 1, 2], "rotation": 180, "texture": "#1"},
				"down": {"uv": [0, 1, 1, 2], "rotation": 180, "texture": "#1"}
			}
		},
		{
			"from": [11.5, 13, 6.5],
			"to": [12.5, 14, 7.5],
			"rotation": {"angle": 0, "axis": "y", "origin": [11, 13.5, 8]},
			"faces": {
				"north": {"uv": [1, 1, 2, 2], "texture": "#1"},
				"east": {"uv": [1, 1, 2, 2], "texture": "#1"},
				"south": {"uv": [1, 1, 2, 2], "texture": "#1"},
				"west": {"uv": [1, 1, 2, 2], "texture": "#1"},
				"up": {"uv": [1, 1, 2, 2], "rotation": 180, "texture": "#1"},
				"down": {"uv": [1, 1, 2, 2], "rotation": 180, "texture": "#1"}
			}
		},
		{
			"from": [10.5, 12, 6.5],
			"to": [11.5, 14, 7.5],
			"rotation": {"angle": 0, "axis": "y", "origin": [11, 13.5, 8]},
			"faces": {
				"north": {"uv": [2, 1, 3, 3], "texture": "#1"},
				"east": {"uv": [2, 1, 3, 3], "texture": "#1"},
				"south": {"uv": [2, 1, 3, 3], "texture": "#1"},
				"west": {"uv": [2, 1, 3, 3], "texture": "#1"},
				"up": {"uv": [2, 1, 3, 2], "rotation": 180, "texture": "#1"},
				"down": {"uv": [2, 2, 3, 3], "rotation": 180, "texture": "#1"}
			}
		},
		{
			"from": [10.5, 12, 8.5],
			"to": [11.5, 14, 9.5],
			"rotation": {"angle": 0, "axis": "y", "origin": [11, 13.5, 8]},
			"faces": {
				"north": {"uv": [2, 1, 3, 3], "texture": "#1"},
				"east": {"uv": [2, 1, 3, 3], "texture": "#1"},
				"south": {"uv": [2, 1, 3, 3], "texture": "#1"},
				"west": {"uv": [2, 1, 3, 3], "texture": "#1"},
				"up": {"uv": [2, 1, 3, 2], "rotation": 180, "texture": "#1"},
				"down": {"uv": [2, 2, 3, 3], "rotation": 180, "texture": "#1"}
			}
		},
		{
			"from": [10.5, 13, 7.5],
			"to": [11.5, 15, 8.5],
			"rotation": {"angle": 0, "axis": "y", "origin": [11, 13.5, 8]},
			"faces": {
				"north": {"uv": [0, 1, 1, 3], "texture": "#1"},
				"east": {"uv": [0, 1, 1, 3], "texture": "#1"},
				"south": {"uv": [0, 1, 1, 3], "texture": "#1"},
				"west": {"uv": [0, 1, 1, 3], "texture": "#1"},
				"up": {"uv": [0, 1, 1, 2], "rotation": 180, "texture": "#1"},
				"down": {"uv": [0, 2, 1, 3], "rotation": 180, "texture": "#1"}
			}
		},
		{
			"from": [9.5, 13, 7.5],
			"to": [10.5, 14, 8.5],
			"rotation": {"angle": 0, "axis": "y", "origin": [11, 13.5, 8]},
			"faces": {
				"north": {"uv": [1, 1, 2, 2], "texture": "#1"},
				"east": {"uv": [0, 0, 1, 1], "texture": "#missing"},
				"south": {"uv": [1, 1, 2, 2], "texture": "#1"},
				"west": {"uv": [1, 1, 2, 2], "texture": "#1"},
				"up": {"uv": [1, 1, 2, 2], "rotation": 180, "texture": "#1"},
				"down": {"uv": [1, 1, 2, 2], "rotation": 180, "texture": "#1"}
			}
		},
		{
			"from": [9.5, 15, 7.5],
			"to": [10.5, 16, 8.5],
			"rotation": {"angle": 0, "axis": "y", "origin": [11, 13.5, 8]},
			"faces": {
				"north": {"uv": [0, 1, 1, 2], "texture": "#1"},
				"east": {"uv": [0, 1, 1, 2], "texture": "#1"},
				"south": {"uv": [0, 1, 1, 2], "texture": "#1"},
				"west": {"uv": [0, 1, 1, 2], "texture": "#1"},
				"up": {"uv": [0, 1, 1, 2], "rotation": 180, "texture": "#1"},
				"down": {"uv": [0, 1, 1, 2], "rotation": 180, "texture": "#1"}
			}
		},
		{
			"from": [8.5, 14, 7.5],
			"to": [9.5, 16, 8.5],
			"rotation": {"angle": 0, "axis": "y", "origin": [11, 13.5, 8]},
			"faces": {
				"north": {"uv": [2, 1, 3, 3], "texture": "#1"},
				"east": {"uv": [2, 1, 3, 3], "texture": "#1"},
				"south": {"uv": [2, 1, 3, 3], "texture": "#1"},
				"west": {"uv": [2, 1, 3, 3], "texture": "#1"},
				"up": {"uv": [2, 1, 3, 2], "rotation": 180, "texture": "#1"},
				"down": {"uv": [2, 2, 3, 3], "rotation": 180, "texture": "#1"}
			}
		},
		{
			"from": [6.5, 15, 8.5],
			"to": [9.5, 16, 9.5],
			"rotation": {"angle": 0, "axis": "z", "origin": [7, 16, 9]},
			"faces": {
				"north": {"uv": [0, 1, 3, 2], "rotation": 180, "texture": "#1"},
				"east": {"uv": [2, 1, 3, 2], "rotation": 270, "texture": "#1"},
				"south": {"uv": [0, 1, 3, 2], "rotation": 180, "texture": "#1"},
				"west": {"uv": [0, 1, 1, 2], "rotation": 270, "texture": "#1"},
				"up": {"uv": [0, 1, 3, 2], "rotation": 180, "texture": "#1"},
				"down": {"uv": [0, 1, 3, 2], "rotation": 180, "texture": "#1"}
			}
		},
		{
			"from": [6.5, 15, 6.5],
			"to": [9.5, 16, 7.5],
			"rotation": {"angle": 0, "axis": "y", "origin": [7, 16, 7]},
			"faces": {
				"north": {"uv": [0, 1, 3, 2], "rotation": 180, "texture": "#1"},
				"east": {"uv": [2, 1, 3, 2], "rotation": 270, "texture": "#1"},
				"south": {"uv": [0, 1, 3, 2], "rotation": 180, "texture": "#1"},
				"west": {"uv": [0, 1, 1, 2], "rotation": 270, "texture": "#1"},
				"up": {"uv": [0, 1, 3, 2], "rotation": 180, "texture": "#1"},
				"down": {"uv": [0, 1, 3, 2], "rotation": 180, "texture": "#1"}
			}
		}
	],
	"groups": [
		{
			"name": "root1",
			"origin": [8, 8, 8],
			"color": 0,
			"children": [0, 1, 2]
		},
		{
			"name": "root2",
			"origin": [8, 8, 8],
			"color": 0,
			"children": [3, 4, 5]
		},
		{
			"name": "body1",
			"origin": [8, 8, 8],
			"color": 0,
			"children": [6, 7, 8, 9, 10, 11, 12, 13, 14, 15, 16, 17]
		},
		{
			"name": "body2",
			"origin": [8, 8, 8],
			"color": 0,
			"children": [18, 19, 20, 21, 22, 23, 24, 25, 26, 27, 28, 29]
		},
		{
			"name": "top",
			"origin": [8, 8, 8],
			"color": 0,
			"children": [30, 31]
		}
	]
}