{
	"credit": "Made By Shulker",
	"textures": {
		"0": "block/weathered_copper_bars",
		"1": "block/weathered_copper_bars_end",
		"particle": "block/weathered_copper_bars"
	},
	"elements": [
		{
			"from": [7, 0, 7],
			"to": [9, 16, 9],
			"rotation": {"angle": 0, "axis": "y", "origin": [8, 0, 8]},
			"faces": {
				"north": {"uv": [9, 0, 7, 16], "texture": "#0"},
				"east": {"uv": [7, 0, 9, 16], "texture": "#0"},
				"south": {"uv": [9, 0, 7, 16], "texture": "#0"},
				"west": {"uv": [7, 0, 9, 16], "texture": "#0"},
				"up": {"uv": [7, 0, 9, 2], "rotation": 270, "texture": "#0"},
				"down": {"uv": [7, 14, 9, 16], "rotation": 90, "texture": "#0"}
			}
		},
		{
			"from": [7, 0, 2],
			"to": [9, 16, 4],
			"rotation": {"angle": 0, "axis": "y", "origin": [8, 0, 8]},
			"faces": {
				"north": {"uv": [14, 0, 12, 16], "texture": "#0"},
				"east": {"uv": [12, 0, 14, 16], "texture": "#0"},
				"south": {"uv": [14, 0, 12, 16], "texture": "#0"},
				"west": {"uv": [12, 0, 14, 16], "texture": "#0"},
				"up": {"uv": [12, 0, 14, 2], "rotation": 270, "texture": "#0"},
				"down": {"uv": [12, 14, 14, 16], "rotation": 90, "texture": "#0"}
			}
		},
		{
			"from": [7, 2, 4],
			"to": [9, 4, 7],
			"rotation": {"angle": 0, "axis": "y", "origin": [8, 0, 8]},
			"faces": {
				"east": {"uv": [9, 12, 12, 14], "texture": "#0"},
				"west": {"uv": [12, 14, 9, 12], "texture": "#0"},
				"up": {"uv": [9, 14, 12, 12], "rotation": 270, "texture": "#0"},
				"down": {"uv": [9, 14, 12, 12], "rotation": 90, "texture": "#0"}
			}
		},
		{
			"from": [7, 7, 0],
			"to": [9, 9, 2],
			"rotation": {"angle": 0, "axis": "y", "origin": [8, 0, 8]},
			"faces": {
				"north": {"uv": [14, 7, 16, 9], "texture": "#0"},
				"east": {"uv": [14, 7, 16, 9], "texture": "#0"},
				"west": {"uv": [16, 9, 14, 7], "texture": "#0"},
				"up": {"uv": [14, 9, 16, 7], "rotation": 270, "texture": "#0"},
				"down": {"uv": [14, 9, 16, 7], "rotation": 90, "texture": "#0"}
			}
		},
		{
			"from": [7, 16, 0],
			"to": [9, 16.1, 9],
			"faces": {
				"north": {"uv": [3, 0, 4, 1], "texture": "#1", "cullface": "up"},
				"east": {"uv": [3, 1, 4, 0], "texture": "#1", "cullface": "up"},
				"south": {"uv": [3, 0, 4, 1], "texture": "#1", "cullface": "up"},
				"west": {"uv": [3, 0, 4, 1], "texture": "#1", "cullface": "up"},
				"up": {"uv": [0, 0, 2, 9], "texture": "#1", "cullface": "up"},
				"down": {"uv": [0, 9, 2, 0], "texture": "#1", "cullface": "up"}
			}
		}
	]
}