{
	"credit": "Made By Shulker",
	"textures": {
		"0": "block/weathered_copper_bars",
		"1": "block/weathered_copper_bars_end",
		"particle": "block/weathered_copper_bars"
	},
	"elements": [
		{
			"from": [7, 0, 7],
			"to": [9, 16, 9],
			"faces": {
				"north": {"uv": [9, 0, 7, 16], "texture": "#0"},
				"east": {"uv": [7, 0, 9, 16], "texture": "#0"},
				"south": {"uv": [9, 0, 7, 16], "texture": "#0"},
				"west": {"uv": [7, 0, 9, 16], "texture": "#0"},
				"up": {"uv": [7, 0, 9, 2], "texture": "#0"},
				"down": {"uv": [7, 14, 9, 16], "texture": "#0"}
			}
		},
		{
			"from": [7, 0, 12],
			"to": [9, 16, 14],
			"faces": {
				"north": {"uv": [4, 0, 2, 16], "texture": "#0"},
				"east": {"uv": [2, 0, 4, 16], "texture": "#0"},
				"south": {"uv": [4, 0, 2, 16], "texture": "#0"},
				"west": {"uv": [2, 0, 4, 16], "texture": "#0"},
				"up": {"uv": [2, 0, 4, 2], "texture": "#0"},
				"down": {"uv": [2, 14, 4, 16], "texture": "#0"}
			}
		},
		{
			"from": [7, 7, 14],
			"to": [9, 9, 16],
			"faces": {
				"east": {"uv": [0, 7, 2, 9], "texture": "#0"},
				"south": {"uv": [0, 7, 2, 9], "texture": "#0"},
				"west": {"uv": [2, 9, 0, 7], "texture": "#0"},
				"up": {"uv": [0, 9, 2, 7], "rotation": 270, "texture": "#0"},
				"down": {"uv": [2, 7, 0, 9], "rotation": 270, "texture": "#0"}
			}
		},
		{
			"from": [7, 12, 9],
			"to": [9, 14, 12],
			"faces": {
				"east": {"uv": [4, 2, 7, 4], "texture": "#0"},
				"west": {"uv": [4, 4, 7, 2], "texture": "#0"},
				"up": {"uv": [4, 2, 7, 4], "rotation": 90, "texture": "#0"},
				"down": {"uv": [4, 2, 7, 4], "rotation": 270, "texture": "#0"}
			}
		},
		{
			"from": [7, 16, 7],
			"to": [9, 16.1, 16],
			"faces": {
				"north": {"uv": [3, 0, 4, 1], "texture": "#1", "cullface": "up"},
				"east": {"uv": [3, 0, 4, 1], "texture": "#1", "cullface": "up"},
				"south": {"uv": [3, 0, 4, 1], "texture": "#1", "cullface": "up"},
				"west": {"uv": [3, 0, 4, 1], "texture": "#1", "cullface": "up"},
				"up": {"uv": [0, 9, 2, 0], "texture": "#1", "cullface": "up"},
				"down": {"uv": [0, 0, 2, 9], "texture": "#1", "cullface": "up"}
			}
		}
	]
}