{
  "credit": "made by shulker",
  "model": {
    "type": "minecraft:condition",
    "on_false": {
      "type": "minecraft:model",
      "model": "minecraft:item/copper_pickaxe"
    },
    "on_true": {
      "type": "minecraft:range_dispatch",
      "entries": [
		{
          "model": {
            "type": "minecraft:model",
            "model": "minecraft:item/copper_pickaxe_0"
          },
          "threshold": 0.5
        },
        {
          "model": {
            "type": "minecraft:model",
            "model": "minecraft:item/copper_pickaxe_1"
          },
          "threshold": 0.75
        },
        {
          "model": {
            "type": "minecraft:model",
            "model": "minecraft:item/copper_pickaxe_2"
          },
          "threshold": 0.85
        }
      ],
      "fallback": {
        "type": "minecraft:model",
        "model": "minecraft:item/copper_pickaxe"
      },
      "property": "minecraft:damage"
    },
    "property": "minecraft:damaged"
  }
}